ticker,earnings_date,beat,return_5d,return_10d,return_20d,return_60d,volatility_20d,volatility_60d,volume_ratio,price_to_ma20,price_to_ma50,high_low_ratio_5d,price_before_earnings,prev_quarter_beat,beat_rate_4q,avg_surprise_4q,quarters_since_miss,market_return_20d,market_volatility,vix_level,quarter_1,quarter_2,quarter_3,quarter_4,month
AAPL,2025-10-30 16:00:00-04:00,1,0.043528729578492964,0.08165558657221061,0.0557839367967321,0.33060364526915653,0.01539205266281431,0.016913038471499414,1.1449607435083042,0.04868800373476212,0.09442313840990768,0.051935965862202726,269.4388122558594,1,1.0,4.2025,8,0.028334138764365413,0.008825960980224876,16.920000076293945,0,0,0,1,10
AAPL,2025-07-31 16:00:00-04:00,1,-0.023815055828441234,-0.0052816810460394326,0.005918589086060022,0.019352956421867074,0.008926490017459626,0.01418541394259042,0.9889202902542163,-0.012235412413545754,0.01781580666793725,0.03836900223493367,208.6107940673828,1,1.0,2.7624999999999997,8,0.027216019927909896,0.004179163286276552,15.479999542236328,0,0,1,0,7
AAPL,2025-05-01 16:00:00-04:00,1,0.038611844730348954,0.051251592335942675,-0.04789638675863084,-0.06699864240633224,0.0509802280034138,0.03211957609380079,0.665685958656085,0.06205660058012619,-0.02087357693609404,0.052429315248329056,211.7758331298828,1,1.0,2.8525,8,-0.011462334422277065,0.03405017884450577,24.700000762939453,0,1,0,0,5
AAPL,2025-01-30 16:00:00-05:00,1,0.06938310854771967,0.02606324308515906,-0.06350011664216881,,0.01936143428373257,,0.813270915830686,0.014071895589324201,-0.0019205567528058909,0.08482005449961938,238.28231811523438,1,1.0,3.1100000000000003,7,,,16.559999465942383,1,0,0,0,1
AAPL,2024-10-31 16:00:00-04:00,1,-0.002860134806428216,-0.0072482324306960555,0.014639749516174083,0.11164568699318567,0.011854762658215138,0.012473227333471826,1.2223028217464988,-0.00225264714167539,0.012871056669598646,0.02766943480935713,228.812255859375,1,1.0,3.7225,6,0.01960076125763699,0.0056105894071004575,20.350000381469727,0,0,0,1,10
AAPL,2024-08-01 16:00:00-04:00,1,0.01619845267882214,-0.02970992751711732,0.00821712188783108,0.21267975695151375,0.014642177492181486,0.01588297842377742,0.9672114463364303,-0.01388714989186457,0.05000979100169256,0.04286654069345697,220.5818328857422,1,1.0,4.0475,5,0.003278709309471939,0.009387164211831106,16.360000610351562,0,0,1,0,8
AAPL,2024-05-02 16:00:00-04:00,1,0.001656827244996828,0.00773814685355978,-0.002062980245225443,-0.09678142894332276,0.015488532457635821,0.013198761300545727,0.8737467651637892,-0.0017922937649156312,-0.019085142508599606,0.046862983044014817,167.9301300048828,1,1.0,5.1275,4,-0.036695334765657894,0.008645573122512979,15.390000343322754,0,1,0,0,5
AAPL,2024-02-01 16:00:00-05:00,1,-0.051927943286944056,0.009415512117131541,-0.006679647333206473,0.039831893621800285,0.01336629933444036,0.011523873224359134,1.0039401735073625,-0.018253303208983218,-0.03363916497972419,0.06465953698346905,182.67483520507812,1,0.75,3.295,3,0.021643947568094513,0.007061846632950103,14.350000381469727,1,0,0,0,2
AAPL,2023-11-02 16:00:00-04:00,1,0.01677358931068018,-0.010634665310998104,0.0017850431167087955,-0.031118394668019467,0.010924000834641663,0.012896942088058257,1.059281149916035,-0.0049959523551516005,-0.015190246258756313,0.051668844430518224,172.1156463623047,1,0.75,2.4225000000000003,2,-0.004709671666449089,0.008972171212845865,16.8700008392334,0,0,0,1,11
AAPL,2023-08-03 16:00:00-04:00,1,-0.009871620967614514,-0.012916451056054656,0.006533010693198893,0.11105797683321716,0.008290986784764814,0.008748172453828381,1.004471345008606,-0.0002674319497170119,0.03238566825377598,0.027886488001858556,190.2703399658203,1,0.75,1.9900000000000002,1,0.01579658398773498,0.006150332972060542,16.09000015258789,0,0,1,0,8
AAPL,2023-05-04 16:00:00-04:00,1,0.02253321287917598,-0.001073802296196913,0.010988323517339138,0.10528997874028923,0.012397261182838829,0.013115897166280347,1.2616452465313037,0.011889489874349568,0.05367615832111827,0.0346874545713336,165.21322631835938,0,0.75,2.0175,0,-0.0015907325031032649,0.007882422145060724,18.34000015258789,0,1,0,0,5
AAPL,2023-02-02 16:00:00-05:00,0,0.025165508104476153,0.07558605214453906,0.16278866147271076,0.04889995243267009,0.012757878328458745,0.021581652474725505,1.1022378251014442,0.06310803906124085,0.047992981507731125,0.04182000943989017,143.2686004638672,1,1.0,5.7625,8,0.07872465935138884,0.010432652911238037,17.8700008392334,1,0,0,0,2
AAPL,2022-10-27 16:00:00-04:00,1,0.038162055167592746,0.07958646663340341,-0.003270052471803231,-0.06532403793750341,0.024358017192136896,0.020584514317262406,1.00832816274508,0.04001291183092426,-0.022344265170767375,0.06898035412002779,146.88670349121094,1,1.0,5.445,8,0.031009616212252178,0.01844133193558927,27.280000686645508,0,0,0,1,10
AAPL,2022-07-28 16:00:00-04:00,1,0.02450326749148246,0.07766867850705217,0.14078875097115584,-0.003994034164985449,0.015632688734715,0.024899652839961785,1.1002313446010181,0.06316314246523991,0.09092395039974543,0.04330216409568921,153.9900665283203,1,1.0,11.6025,8,0.05356634321196485,0.011979046406343632,23.239999771118164,0,0,1,0,7
AAPL,2022-04-28 16:00:00-04:00,1,-0.06374468149244505,-0.06614594034476406,-0.12511205674498793,-0.10304675991237389,0.016713513629743854,0.0178380889213078,1.086185087427877,-0.07011417833430067,-0.05860953153316817,0.1039388851257208,153.54840087890625,1,1.0,20.5225,8,-0.09593749888941872,0.012284084858501056,31.600000381469727,0,1,0,0,4
AAPL,2022-01-27 16:00:00-05:00,1,-0.039342892156219555,-0.08790277027861526,-0.10932013987191591,0.06757730274652052,0.012732161486660004,0.016322943940071073,1.1535840406418438,-0.06833331241333973,-0.05516592042513657,0.09683250191399617,156.40892028808594,1,1.0,22.39,8,-0.09119891612270858,0.008493146074596846,31.959999084472656,1,0,0,0,1
AAPL,2021-10-28 16:00:00-04:00,1,-0.002746850722424199,0.0563477232228764,0.04214807523775188,0.011624586670936354,0.01027174456460822,0.011919318123440721,0.7850354991460389,0.027980311953616166,0.01135629274574601,0.021812800606973992,145.5791778564453,1,1.0,23.4725,7,0.04486124918213097,0.0076595934276922455,16.979999542236328,0,0,0,1,10
AAPL,2021-07-27 16:00:00-04:00,1,0.04591082576745098,0.031072650920133782,0.11930003397095579,0.11809322372255826,0.01334854597382907,0.013603924057592318,0.8240165089751625,0.03726396333253601,0.11012428238341965,0.04805538479497029,145.49810791015625,1,1.0,22.445,6,,,17.579999923706055,0,0,1,0,7
AAPL,2021-04-28 16:00:00-04:00,1,0.009615857210417245,-0.00029770865627798404,0.10709257903402358,0.019935986562998664,0.01386097232484564,0.018148210072500157,0.765332875480117,0.029177328535375358,0.06394241925824007,0.03130231836355257,131.01771545410156,1,1.0,15.1375,5,0.05492955647572506,0.006478617741748457,17.559999465942383,0,1,0,0,4
AAPL,2021-01-27 16:00:00-05:00,1,0.11992461126919274,0.10993938758301325,0.08479173924399541,0.28963103273401103,0.021833789775044552,0.020544477001832647,0.8862518974831058,0.07859664531706234,0.13083406114501162,0.1286661965457101,139.35940551757812,1,1.0,12.962499999999999,4,,,23.020000457763672,1,0,0,0,1
AAPL,2020-10-29 16:00:00-04:00,1,-0.04851527603089423,-0.08243252829291503,-0.039806405225727426,0.01582552037107754,0.024790989822829766,0.02761815100471047,1.1252768331596024,-0.04831588375452667,-0.05264218054130421,0.062466072744074674,108.06147003173828,1,1.0,15.783333333333331,3,-0.024575140100386417,0.013056491061424159,40.279998779296875,0,0,0,1,10
AAPL,2020-07-30 16:00:00-04:00,1,-0.022951346964108388,-0.027475385480260295,0.04210496267767927,0.300276363986963,0.01718751312435996,0.016692077908007415,0.7261725583929747,0.00041686723379652513,0.07105941918641023,0.08898414466854976,92.19132232666016,1,1.0,11.45,2,0.0543522600452393,0.008437161124393848,24.100000381469727,0,0,1,0,7
AAPL,2020-04-30 17:00:00-04:00,1,0.042122614233824685,0.011602476676762619,0.13150360572531983,-0.06559696665405235,0.031198268054254633,0.04499570609183873,0.8907873091579773,0.060499807470809186,0.05916748027473373,0.053844093311522956,69.58808898925781,1,1.0,9.97,1,0.13757489092105435,0.025863228812942382,31.229999542236328,0,1,0,0,4
AAPL,2020-01-28 16:00:00-05:00,1,-0.03068435599142727,-0.004446832826311642,0.06567562432417273,0.27369598486353075,0.01294276104036084,0.011318548647502126,1.2358239681167489,0.004747981998902917,0.08320944058759139,0.06051584352940598,74.54325866699219,0,0.5,0.0,999,,,18.229999542236328,1,0,0,0,1
MSFT,2025-10-29 16:00:00-04:00,1,0.04715458525352978,0.055493931616319436,0.04656822002682337,0.013668025323736455,0.009775900695869472,0.00949016630483459,1.6780728298840637,0.042186825266703476,0.05773008816204017,0.06955620882719615,541.057373046875,1,1.0,6.3025,8,0.03134287816736836,0.00883355994443881,16.420000076293945,0,0,0,1,10
MSFT,2025-07-30 16:00:00-04:00,1,0.014447740676728715,0.013344700487279537,0.03047786901869487,0.2071250875484676,0.007126454252628393,0.008111744093738516,1.0329266862390798,0.015824897601582233,0.057774477582109185,0.035130794970138934,510.7727966308594,1,1.0,4.3375,8,0.02817848759950814,0.00415355483905144,15.979999542236328,0,0,1,0,7
MSFT,2025-04-30 16:00:00-04:00,1,0.07420526028064556,0.016064562045747577,0.049681537408208465,-0.04873976119857559,0.030409317941517515,0.02052513184167594,0.5686152771211526,0.04414649438766416,0.01942926035725767,0.05919253752623366,391.9388427734375,1,1.0,3.4850000000000003,8,-0.009063585092493165,0.03405610495262465,24.170000076293945,0,1,0,0,4
MSFT,2025-01-29 16:00:00-05:00,1,0.043640641459854246,0.07193374745106551,0.020748287314249048,,0.016264897048810584,,1.1903738207651742,0.043332692840241105,0.03722833803494785,0.05874860925568348,443.92529296875,1,1.0,4.105,7,,,16.40999984741211,1,0,0,0,1
MSFT,2024-10-30 16:00:00-04:00,1,0.010385719793804427,0.03154716224948473,0.026765539355266155,0.09509960443434018,0.008343592858060333,0.010047339169774601,1.0442381244775214,0.0290907291145468,0.026028579341737856,0.025497176173985503,427.9303894042969,1,1.0,5.755,6,0.023126099866517702,0.005533304718203641,19.34000015258789,0,0,0,1,10
MSFT,2024-07-30 16:00:00-04:00,1,-0.036596406044537955,-0.059983067782302335,-0.04524000631073177,0.08244227292147532,0.01527158913873002,0.012250834635902715,0.8291058025566352,-0.04707240918007605,-0.02827033399533163,0.07458008465766541,421.99835205078125,1,1.0,7.094999999999999,5,,,16.600000381469727,0,0,1,0,7
MSFT,2024-04-25 16:00:00-04:00,1,-0.00675021176281243,-0.03354906784081868,-0.029858806008494554,0.00023547696747994173,0.010526616822136717,0.012659078026536,0.834607286727183,-0.01868892216302631,-0.012870343783563998,0.04224886721723986,403.7959289550781,1,1.0,8.477500000000001,4,-0.025828360709404752,0.007919884237534766,15.970000267028809,0,1,0,0,4
MSFT,2024-01-30 16:00:00-05:00,1,0.03331558866158435,0.05470182331438078,0.09177148981485517,0.21425462991562672,0.008524648427347072,0.010214576128288414,1.0522260022199168,0.05757117629651165,0.08023509104627591,0.04074329744205252,403.70086669921875,1,0.75,6.1975,3,,,13.600000381469727,1,0,0,0,1
MSFT,2023-10-24 16:00:00-04:00,1,-0.00998090606839952,-0.001516015507377344,0.03709750012828006,-0.024685337046930766,0.012863239812155165,0.011896721984897858,1.1245458508937654,0.015365112629633693,0.01176705440828707,0.03850315839258811,323.8247375488281,1,0.75,3.5875,2,-0.027230788732813815,0.008140000552932876,20.3700008392334,0,0,0,1,10
MSFT,2023-07-25 16:00:00-04:00,1,-0.0017932217584889498,0.0400208109679161,0.03011787195680493,0.17095324711806437,0.015155805953013121,0.014547044820115325,0.9150073260676304,0.012841531357708824,0.037918429077449245,0.0793044599026389,338.6343688964844,1,0.5,1.5175,1,,,13.90999984741211,0,0,1,0,7
MSFT,2023-04-25 16:00:00-04:00,1,-0.024342156102181267,-0.026331302026894043,0.004276940062071688,0.139015102739096,0.013269755496775356,0.01742719145414679,1.0865144977478434,-0.012333097169870522,0.04064531118377923,0.04678510506246747,275.8797607421875,0,0.5,-0.5974999999999999,0,,,16.889999389648438,0,1,0,0,4
MSFT,2023-01-24 16:00:00-05:00,0,0.014003322866651624,0.07846890131618833,-0.007568659227272012,-0.02950761880116859,0.020223413427300784,0.02494239668542615,1.1150941722763579,0.031042182272148056,0.004593258018422919,0.06281430203934901,236.91558837890625,1,0.75,1.9375,1,,,19.809999465942383,1,0,0,0,1
MSFT,2022-10-25 16:00:00-04:00,1,0.040921217481217464,0.0785169943168662,0.04127198162982948,-0.11742240404158588,0.024399126061557714,0.019279365714636357,0.8838394320993174,0.04127845722546164,-0.020572386792505948,0.057834437930458726,240.79794311523438,0,0.75,3.6599999999999997,0,0.039965843912563415,0.018510878884373128,29.850000381469727,0,0,0,1,10
MSFT,2022-07-26 16:00:00-04:00,0,0.01801388830308559,-0.02147385766207366,-0.03313388828230612,-0.08398844978364184,0.016211656746751436,0.02180505088606384,0.8635719544180342,-0.005444919633904699,-0.00541068536920275,0.045924015913028526,251.54180908203125,1,1.0,7.4525,8,,,23.360000610351562,0,0,1,0,7
MSFT,2022-04-26 16:00:00-04:00,1,0.0007128199541115432,-0.05471945422674229,-0.07560616290058553,-0.06183163918661605,0.019980937398745506,0.021113581537703267,1.2558922363367788,-0.0490355502003903,-0.04408899973522973,0.08320735506785426,272.18145751953125,1,1.0,9.605,8,,,27.020000457763672,0,1,0,0,4
MSFT,2022-01-25 16:00:00-05:00,1,-0.04458408001931846,-0.05626664992781372,-0.114494127700429,-0.08125090441196603,0.016273121541192984,0.015370769766152492,2.3839794268928083,-0.06975216163811226,-0.09480051483681606,0.13714939126873182,286.7625427246094,1,1.0,13.86,8,,,29.899999618530273,1,0,0,0,1
MSFT,2021-10-26 16:00:00-04:00,1,0.0027335538699004847,0.04724171074180461,0.04745532447296963,0.08356973372704135,0.014367487115142534,0.011322612979513879,0.7365945828229895,0.03842212319921945,0.03319729981865027,0.016268619697905384,297.5968322753906,1,1.0,15.965,7,0.029165989491212185,0.00905678711039424,15.239999771118164,0,0,0,1,10
MSFT,2021-07-27 16:00:00-04:00,1,0.043464124257530434,0.04229746861092387,0.09067236184728311,0.1473502077721407,0.009022107469955874,0.010820282437445854,0.9705785231950975,0.03631854148694913,0.09586226574253875,0.04969964597384435,278.6356506347656,1,1.0,14.45,6,,,17.579999923706055,0,0,1,0,7
MSFT,2021-04-27 16:00:00-04:00,1,0.010860498683391118,0.022039129906729737,0.10601341066498349,0.0971934053778476,0.012482723519975751,0.01472974195934988,0.7707195743343319,0.03608379572332776,0.08072301138035898,0.026600141499225183,251.54568481445312,1,1.0,14.6175,5,,,17.639999389648438,0,1,0,0,4
MSFT,2021-01-26 16:00:00-05:00,1,0.0793792212986093,0.04512322065139185,0.03850306693908512,0.07916003804686955,0.015625761605288946,0.016624306141890175,1.2640842089850677,0.04394208524796217,0.057254665125898274,0.08202048305568899,220.24313354492188,1,1.0,12.1425,4,,,23.190000534057617,1,0,0,0,1
MSFT,2020-10-27 16:00:00-04:00,1,-0.019326027644399835,-0.051129066522639266,0.003055926120019148,0.02720768326265177,0.016930686388739184,0.021349763431418263,1.3915454975638692,-0.017872542203723807,-0.012392328819759157,0.04454585278133005,201.0537567138672,1,1.0,10.283333333333333,3,0.015559983247644293,0.01066071091565308,32.459999084472656,0,0,0,1,10
MSFT,2020-07-22 16:00:00-04:00,1,0.001919648463080792,0.0024009242683527,0.040783855803731894,0.19926280949757147,0.018296700286372602,0.01783126597995425,1.1251710766254464,0.013420758601023097,0.07392378505700825,0.062316882278268704,199.29910278320312,1,1.0,12.215,2,0.04632673620466665,0.011827218020291267,24.84000015258789,0,0,1,0,7
MSFT,2020-04-29 16:00:00-04:00,1,0.011857714304377875,-0.022395008691608487,0.059789092876113115,0.0002573495675659565,0.02850082468642474,0.04678890816045176,0.718408112549149,0.013518602410749203,0.04618065004686245,0.04433573417919123,161.67178344726562,1,1.0,14.09,1,0.0920313992337971,0.025873038215445805,33.56999969482422,0,1,0,0,4
MSFT,2020-01-29 16:00:00-05:00,1,-0.006246128926054362,0.013351102126103687,0.04089069599500417,0.14807411433300688,0.011356669676482238,0.007979952663695845,1.057875136669307,0.018773446733825416,0.057512036893350826,0.04575498847112791,157.1011962890625,0,0.5,0.0,999,,,16.280000686645508,1,0,0,0,1
GOOGL,2025-10-29 16:00:00-04:00,1,0.06791505696648459,0.08971281150903843,0.10024678752882599,0.37258633211650083,0.016923645510584277,0.017921841231849246,1.0400808461354578,0.0680259262169074,0.1187674387174924,0.08600432478007325,267.295166015625,1,1.0,15.445,8,0.03134287816736836,0.00883355994443881,16.420000076293945,0,0,0,1,10
GOOGL,2025-07-23 16:00:00-04:00,1,0.05131863824516092,0.09738471194650833,0.15830248600537256,0.2027349734054178,0.012296356798913983,0.018187285986973067,1.1126376107447526,0.06835660634317509,0.10513214813189431,0.06189055718155001,191.04405212402344,1,1.0,14.662500000000001,8,0.04783802606644749,0.004532447649739285,16.5,0,0,1,0,7
GOOGL,2025-04-24 16:00:00-04:00,1,-0.00614161252054557,0.07360063394693195,-0.08917679200311257,-0.18915107072520532,0.03329707117799601,0.0255334861860615,0.7725541841824787,0.008379953865607526,-0.05889003193545661,0.0782341567570859,154.92218017578125,1,1.0,10.8825,8,-0.06957926430872485,0.03396131039346457,28.450000762939453,0,1,0,0,4
GOOGL,2025-02-04 16:00:00-05:00,1,0.04911103939401129,0.026683582720864907,0.06229214770468805,,0.017612149096826197,,1.0964231932085353,0.027071411178252403,0.07160902115397438,0.07761692248784335,200.44496154785156,1,1.0,11.275,7,,,18.6200008392334,1,0,0,0,2
GOOGL,2024-10-29 16:00:00-04:00,1,0.01615156225054415,0.010669266317575588,0.005245622714263876,0.0016873117876123889,0.010264581764258592,0.014108926079437681,1.5545408088366,0.01382207456994422,0.029436755831038885,0.04807164269196984,165.87948608398438,1,1.0,9.2525,6,0.012322186750252984,0.005974881281770681,19.799999237060547,0,0,0,1,10
GOOGL,2024-07-23 16:00:00-04:00,1,-0.026054769524714638,-0.03893575700423457,0.01135657863341999,0.1429552605907769,0.015158375168662372,0.018456356601195028,1.2101836945594635,-0.014714006866834106,0.017861146721825927,0.06919024650780115,180.5145721435547,1,1.0,10.425,5,,,14.90999984741211,0,0,1,0,7
GOOGL,2024-04-25 16:00:00-04:00,1,0.02354161567766555,0.019149661866705303,0.056149320921146995,0.03661026665435485,0.013837658407898745,0.018333529659765972,0.8998882206180122,0.025642786407625184,0.08287659802606262,0.04773485838274505,157.9366912841797,1,1.0,6.5600000000000005,4,-0.025828243634005044,0.007919873794596978,15.970000267028809,0,1,0,0,4
GOOGL,2024-01-30 16:00:00-05:00,1,0.05151038037341138,0.07613053387454993,0.09470161588458348,0.23718577255715445,0.011103094348783855,0.012927699173474581,1.1286122289647742,0.0701961352475522,0.1064565611025905,0.05690728587233318,152.35882568359375,1,0.75,2.9050000000000002,3,,,13.600000381469727,1,0,0,0,1
GOOGL,2023-10-24 16:00:00-04:00,1,-0.018691719969371245,-0.013870881932678158,0.041110268526315386,0.02956698503700017,0.013934345622562865,0.013302325179364418,1.0600402420484092,0.004873354728696544,0.016403845089132618,0.05054134329152227,135.4763641357422,1,0.5,-2.5975,2,-0.02723100468581008,0.008139986888944444,20.3700008392334,0,0,0,1,10
GOOGL,2023-07-25 16:00:00-04:00,1,-0.025030148428011212,0.04362390522384074,-0.006620820470022881,0.17182541914979743,0.017892924519638104,0.017143443584461043,0.9294744898686025,0.00831341715061007,-0.0018414280284594353,0.058873119754223824,120.61863708496094,1,0.25,-5.9174999999999995,1,,,13.90999984741211,0,0,1,0,7
GOOGL,2023-04-25 16:00:00-04:00,1,0.0,-0.004415714579441121,0.0050264664828600925,0.08664891469032665,0.017370149641366774,0.023730905575874626,0.8121377034069851,0.011395723626155707,0.0692267967588096,0.034539565944670114,105.17532348632812,0,0.0,-9.215,0,,,16.889999389648438,0,1,0,0,4
GOOGL,2023-02-02 16:00:00-05:00,0,0.054715468905429,0.10217292160991165,0.126907484685437,0.2037636921085617,0.021056102202180568,0.022553091918592796,1.0445750441314148,0.0729013688493001,0.07340819206232885,0.0609143174982254,99.67687225341797,0,0.25,-3.085,0,0.07872474271701235,0.010432653586125037,17.8700008392334,1,0,0,0,2
GOOGL,2022-10-25 16:00:00-04:00,0,0.025507639135268434,0.04761903639741916,0.04431092852508978,-0.11863827581391784,0.0192739895206304,0.0189411099651315,1.0005901981453125,0.033134487823491154,-0.02547898177380936,0.05884159935938893,101.7511978149414,0,0.5,5.7375,0,0.039965931456359405,0.018510816249052677,29.850000381469727,0,0,0,1,10
GOOGL,2022-07-26 16:00:00-04:00,0,-0.01394101869114861,-0.07059771069725718,-0.08870521513286411,-0.05935978470409897,0.0257208918775416,0.026596255660507814,0.9229516339598014,-0.045585632631500284,-0.04240670498843402,0.08560674289717829,106.70378112792969,0,0.75,17.5925,0,,,23.360000610351562,0,0,1,0,7
GOOGL,2022-04-26 16:00:00-04:00,0,-0.036048136591271485,-0.07662765113831338,-0.13128114807779223,-0.045974828001673185,0.01972416318025143,0.023494633101589665,1.4609164932683445,-0.07491519922329459,-0.07699775059354796,0.10874927767757447,122.15106201171875,1,1.0,35.45,7,,,27.020000457763672,0,1,0,0,4
GOOGL,2022-02-01 16:00:00-05:00,1,0.03439880602993428,-0.02994683351621308,-0.06591922549261642,-0.07704406737001068,0.01869676623452512,0.015084812757186757,1.0423797519831701,-0.004842884684136073,-0.04435148335020467,0.07092869985669781,134.28884887695312,1,1.0,42.75000000000001,6,,,24.829999923706055,1,0,0,0,2
GOOGL,2021-10-26 16:00:00-04:00,1,-0.03733742338290735,-0.010560231935974995,-0.025695937778308586,0.02019291073696161,0.016618108337499177,0.012023079436807688,1.1085804487540873,-0.0064578115732177865,-0.01954344618910997,0.06083476275894406,136.4163055419922,1,1.0,49.30500000000001,5,0.029165916348948828,0.009056824565034835,15.239999771118164,0,0,0,1,10
GOOGL,2021-07-27 16:00:00-04:00,1,0.07591219355856627,0.05559716304396978,0.09408723765010496,0.12033785503840444,0.011780651244387224,0.01211561143384305,1.2744068164007136,0.06033475532856736,0.09854194877601175,0.0795048883093783,133.02984619140625,1,1.0,44.8125,4,,,17.579999923706055,0,0,1,0,7
GOOGL,2021-04-27 16:00:00-04:00,1,0.008808659266640095,0.029096247561734012,0.1408581809058993,0.24645465778943265,0.013717200503088263,0.018277716553882762,1.0913166105759404,0.03837214031164171,0.08765928822449176,0.03758836687535183,114.63037872314453,1,0.75,27.027500000000003,3,,,17.639999389648438,0,1,0,0,4
GOOGL,2021-02-02 16:00:00-05:00,1,-0.0006386524230971302,0.09576759386770317,0.08012479334369993,0.15034111171046516,0.022875238946190042,0.01756252794085978,0.9676961801340043,0.04888554238881504,0.0632951349473585,0.06591622854813073,93.94368743896484,1,0.75,22.0375,2,,,30.239999771118164,1,0,0,0,2
GOOGL,2020-10-29 16:00:00-04:00,1,-0.04740878247382707,-0.0336691046198454,0.030840786797089015,0.025453377857961312,0.022000122131763365,0.01970713425304917,1.291357220040135,-0.0173424083320749,-0.017938789608724526,0.08328905461071723,74.9735336303711,1,0.6666666666666666,13.969999999999999,1,-0.024575235728521494,0.013056461893313739,40.279998779296875,0,0,0,1,10
GOOGL,2020-07-30 16:00:00-04:00,1,-0.02641756495779879,0.004370962844282067,0.0743698719410264,0.151644291019998,0.0148656173374522,0.01597882461965914,0.652088892978743,0.005263271804946124,0.04203370211563451,0.05563347582324041,75.60426330566406,0,0.5,9.255,0,0.054352046248508756,0.00843713856753474,24.100000381469727,0,0,1,0,7
GOOGL,2020-04-28 16:00:00-04:00,0,0.007699230034329707,0.049941722125327104,0.14465083045598393,-0.1261062096592256,0.02946938361461864,0.038078504907556786,0.880823851177329,0.049467898700749746,0.018344063565411295,0.07394198803992635,63.06648635864258,1,1.0,21.89,1,,,33.290000915527344,0,1,0,0,4
GOOGL,2020-02-03 16:00:00-05:00,1,-0.022773544046349237,-0.01198483965014574,0.046833614227708154,0.11101828239009559,0.011615596262942195,0.009366983499528345,1.3560549328811293,-0.004691345508107236,0.041820701501509516,0.03534348623070449,71.1017837524414,0,0.5,0.0,999,,,18.84000015258789,1,0,0,0,2
AMZN,2025-10-30 16:00:00-04:00,1,0.05666440136013606,0.06833045055931675,0.04382902576683323,0.0774269148620248,0.01722488063315478,0.016495144089079955,1.1768245872982541,0.041669036249257996,0.023261779681010397,0.06710062856310017,230.3000030517578,1,1.0,23.447499999999998,8,0.028334138764365413,0.008825960980224876,16.920000076293945,0,0,0,1,10
AMZN,2025-07-31 16:00:00-04:00,1,0.008322787731182002,0.03136341199618786,0.04413496975062481,0.2116538984006222,0.009934419025547541,0.016191901593916005,0.9262547299468292,0.01765276425938933,0.06159942789090711,0.03219034565254986,230.19000244140625,1,1.0,22.645,8,0.027216019927909896,0.004179167922294201,15.479999542236328,0,0,1,0,7
AMZN,2025-05-01 16:00:00-04:00,1,0.0211516718512188,0.02689460398432919,-0.04032887585910583,-0.2232330907621599,0.043418495670121175,0.0292616841267614,0.8676737226633203,0.020778666566577675,-0.04949414396833807,0.06357279692015627,184.4199981689453,1,1.0,22.7925,8,-0.011462334422277065,0.03405017884450577,24.700000762939453,0,1,0,0,5
AMZN,2025-02-06 16:00:00-05:00,1,-0.003796385571636529,0.004935975870062892,0.037608178619742194,,0.015072488578553369,,1.164762354469745,0.025945101674684112,0.054280457589702236,0.04435450433904964,236.1699981689453,1,1.0,22.5625,7,0.01488171547822037,0.008590902767379166,15.770000457763672,1,0,0,0,2
AMZN,2024-10-31 16:00:00-04:00,1,0.043419353159872776,0.031248308400465996,0.0431370505394133,0.19020567186355675,0.013465988694430258,0.015440382598253297,1.2590540966938961,0.03039097306667582,0.04614476693080394,0.06390732057540549,192.72999572753906,1,1.0,30.9325,6,0.019600541284487516,0.005610564348798276,20.350000381469727,0,0,0,1,10
AMZN,2024-08-01 12:00:00-04:00,1,0.034009809402259394,-0.005055057655864115,-0.06510002136230464,0.0041350571178220275,0.015355881353577547,0.013892523182314718,1.0666568023744956,-0.013332020344139495,-0.000585839576645375,0.06300904523393713,186.97999572753906,1,1.0,48.0,5,0.0032787096806328186,0.009387235335334853,16.360000610351562,0,0,1,0,8
AMZN,2024-04-30 16:00:00-04:00,1,0.021046160786813983,-0.014486376615045038,-5.522742315589024e-05,0.13611255713663573,0.015967636440787865,0.017194350972253445,1.362971497143664,-0.0029312248708878164,0.016606406462303713,0.10347517254210747,180.9600067138672,1,1.0,55.287499999999994,4,-0.02317299172977405,0.008083208077105887,14.670000076293945,0,1,0,0,4
AMZN,2024-02-01 16:00:00-05:00,1,-0.010645746292640368,0.02300435093221842,0.03514976675719006,0.12406742026020501,0.013854730429212885,0.012648629026558535,1.1092037769627858,0.009105994759214031,0.029419355408093928,0.04645740882565175,155.1999969482422,1,0.75,28.627499999999998,3,0.021644013731233258,0.00706186641693115,14.350000381469727,1,0,0,0,2
AMZN,2023-10-26 16:00:00-04:00,1,-0.052602866122798186,-0.07919291736630274,-0.03643438518000752,-0.07821400911842691,0.021093649437275045,0.021660793643622,1.5038339169673562,-0.05242533822779649,-0.0846462830754785,0.09479265246172242,121.38999938964844,1,0.75,22.2025,2,-0.019950708202937983,0.00834496467979941,20.190000534057617,0,0,0,1,10
AMZN,2023-08-03 16:00:00-04:00,1,0.0004683013674686709,-0.05282205868974843,-0.016643642335308573,0.2134204265586681,0.017930859415196072,0.017661841162457274,0.9381458329234995,-0.01967376371241436,0.008836517006318267,0.055590564889829386,128.2100067138672,1,0.5,-68.92,1,0.015796727324544735,0.006150354442044556,16.09000015258789,0,0,1,0,8
AMZN,2023-04-27 16:00:00-04:00,1,0.006519657576983473,0.07308597967959196,0.07959693195394335,0.04405768444278868,0.02110990511990657,0.023627878708992998,1.3373592175727926,0.02232006902206707,0.06412528931827244,0.06617868824453632,104.9800033569336,0,0.25,-128.51250000000002,0,0.022143493283745652,0.0072595741050162236,18.84000015258789,0,1,0,0,4
AMZN,2023-02-02 16:00:00-05:00,0,0.08201277213083769,0.10150851177812759,0.22523889419473475,0.1774915781910391,0.02320153527576328,0.027695532760392806,1.0533270199255313,0.1046328538431065,0.14628644412176905,0.09616178158173438,105.1500015258789,1,0.5,52.52250000000001,1,0.07872474271701235,0.010432670584410685,17.8700008392334,1,0,0,0,2
AMZN,2022-10-27 16:00:00-04:00,1,0.005127348299729828,0.024446431345688024,-0.01991355335633549,-0.13789504692168497,0.02947618576132908,0.025439372193942482,1.222314741564578,-0.0006307288297329183,-0.059818469890764114,0.06880448781262882,115.66000366210938,0,0.25,36.56,0,0.03100935532047533,0.018441340405489278,27.280000686645508,0,0,0,1,10
AMZN,2022-07-28 16:00:00-04:00,0,-0.01466152538552612,0.09574274953561934,0.1263500884732709,-0.02664516039920628,0.02753270714410472,0.03292559458205049,0.9692084847213368,0.05253084673099462,0.06737382366381106,0.09578277602047902,120.97000122070312,0,0.5,110.52750000000002,0,0.053566254575410976,0.011979046723901094,23.239999771118164,0,0,1,0,7
AMZN,2022-04-28 16:00:00-04:00,0,-0.10279999441164367,-0.08369724377935261,-0.1839647671262703,-0.0762601264235091,0.02319500528320795,0.031309862945041005,1.1977527863501582,-0.10472847955822617,-0.10063283816068824,0.15432298197929195,138.16700744628906,1,0.75,174.44250000000002,1,-0.09593762488593682,0.012284032779297046,31.600000381469727,0,1,0,0,4
AMZN,2022-02-03 16:00:00-05:00,1,0.08453801652275073,-0.036382146184433806,-0.10093897996506329,-0.14400149648435445,0.023062914883321024,0.018634609810020162,1.1364006043105928,-0.01992727653289139,-0.08561295532015067,0.12430619996043957,150.6125030517578,0,0.75,38.305,0,-0.042299311211900226,0.012113674830045518,22.09000015258789,1,0,0,0,2
AMZN,2021-10-28 16:00:00-04:00,0,-0.006609017012602414,0.032947810750284745,0.02767846495043491,0.007798018130646067,0.014555065307815435,0.01207246633348449,0.9949025145017848,0.02053758596780164,0.008541551451655582,0.04323627558011589,169.62449645996094,1,1.0,62.56,5,0.04486140156743201,0.007659562153571058,16.979999542236328,0,0,0,1,10
AMZN,2021-07-29 16:00:00-04:00,1,0.012585139083023833,-0.013950116083805142,0.05283433336003207,0.07200088313350195,0.014793350672054844,0.013380149531551202,0.8491146916318578,0.002175642997244598,0.05388082648599579,0.03623685104131047,181.51600646972656,1,1.0,202.47,4,0.026022868028706014,0.007173384964274319,18.309999465942383,0,0,1,0,7
AMZN,2021-04-29 16:00:00-04:00,1,0.02869706418465756,0.03765382169273401,0.13197115658337033,0.03458697863208959,0.012381292363146569,0.014850181232374731,1.419917905391942,0.03935314757882469,0.08349793522117399,0.05707497676829698,172.9250030517578,1,0.75,181.9425,3,0.0574317011796488,0.0063968991284069745,17.280000686645508,0,1,0,0,4
AMZN,2021-02-02 16:00:00-05:00,1,0.014839103153770239,0.0768720545387016,0.026389886798619422,0.09659786786104352,0.019514752170680365,0.018834023734113733,1.099286423012032,0.04230805072581223,0.04739232128119819,0.05203565685267253,167.1439971923828,1,0.75,173.405,2,,,30.239999771118164,1,0,0,0,2
AMZN,2020-10-29 16:00:00-04:00,1,-0.006957660061490456,-0.05973459938369863,0.004462209716490806,0.007630293978270863,0.023701018869734653,0.023191715423939375,1.1039358692731955,-0.024225560212919883,-0.020161246557686807,0.054363584341815985,158.13900756835938,1,0.6666666666666666,209.15,1,-0.02457514250967019,0.013056480432187986,40.279998779296875,0,0,0,1,10
AMZN,2020-07-30 16:00:00-04:00,1,-0.02141352666944618,0.00819577938559557,0.09957521492293053,0.30981998240619757,0.030294648200985156,0.020466241547222937,0.5250502700192959,-0.004881394206048939,0.09932158456684115,0.07280820271957289,151.67649841308594,0,0.5,22.62,0,0.05435205205865423,0.00843710244339944,24.100000381469727,0,0,1,0,7
AMZN,2020-04-30 17:00:00-04:00,0,0.003900998413879808,0.028179776101106002,0.2169490795867952,0.1838688666873498,0.02580346523526507,0.0309998480132248,0.7980172965156698,0.07050469188518016,0.16688434991536538,0.06022549922243692,118.635498046875,1,1.0,63.24,1,0.1375752208842771,0.02586329892971695,31.229999542236328,0,1,0,0,4
AMZN,2020-01-30 16:00:00-05:00,1,-0.01560827308240853,-0.006119464603778657,0.006015559769850354,0.045782550790701704,0.011364328759953177,0.01055122886737518,0.6394110558703784,-0.010054742723022647,0.022545774974862987,0.04387605896337665,92.9000015258789,0,0.5,0.0,999,0.01725407983530669,0.00659252232172216,16.389999389648438,1,0,0,0,1
META,2025-10-29 16:00:00-04:00,1,0.024779354664145714,0.06038241333119565,0.023230457924068748,-0.03145765168343195,0.015596473786398174,0.013585785867392695,1.017945401201369,0.03756377081990925,0.012992487778556105,0.04747037659587816,750.82763671875,1,1.0,19.490000000000002,8,0.03134287816736836,0.00883355994443881,16.420000076293945,0,0,0,1,10
META,2025-07-30 16:00:00-04:00,1,-0.0068245598119893724,-0.014625912796593865,-0.051606299798184097,0.2242682062969441,0.01178728570990526,0.018112391993489785,1.2806305949763217,-0.01993251304192145,0.010406636269328473,0.03547611004348483,698.957763671875,1,1.0,16.1475,8,0.02817848759950814,0.00415355483905144,15.979999542236328,0,0,1,0,7
META,2025-04-30 16:00:00-04:00,1,0.10825930475343792,0.04320002983384552,-0.03803190354597763,-0.19479201860762463,0.048786589155848714,0.03293424136007478,0.5607306602408086,0.040692711057809694,-0.06221266608459042,0.08125520892770588,553.1888427734375,1,1.0,12.495,8,-0.009063475032079826,0.034056135926208035,24.170000076293945,0,1,0,0,4
META,2025-01-29 16:00:00-05:00,1,0.09387473515970668,0.10849375308802767,0.11764329811455254,,0.018757483874567864,,1.557400142878701,0.09141557554283564,0.11845924050191536,0.10194858692777542,672.2103271484375,1,1.0,9.7975,7,,,16.40999984741211,1,0,0,0,1
META,2024-10-30 16:00:00-04:00,1,0.01936393874257525,0.011956997078453657,0.02916034111122423,0.24828363071700843,0.014429233848458983,0.015048423913061753,1.3223018784180236,0.019934367593966718,0.07227420653870009,0.05725512354426665,590.9384155273438,1,1.0,11.802499999999998,6,0.023126208831621753,0.005533264909335539,19.34000015258789,0,0,0,1,10
META,2024-07-31 16:00:00-04:00,1,-0.05218039044894285,-0.05430910134514366,-0.0822104711588203,0.04974157660960943,0.028233554246667694,0.020179990532742283,0.7871968551933471,-0.059598642185479056,-0.057186779715025726,0.0760193468067254,460.922119140625,1,1.0,10.3175,5,-0.00612471735207798,0.008750129517874971,17.690000534057617,0,0,1,0,7
META,2024-04-24 16:00:00-04:00,1,-0.007323557942263581,-0.0402399743629519,-0.013756877370699527,0.260025251082036,0.01851737299051787,0.03217711944573604,1.075547297526217,-0.013222363327703324,0.0024912001538541784,0.08198141420935268,493.18133544921875,1,1.0,10.887500000000001,4,-0.027165866440442943,0.007918494884262757,15.6899995803833,0,1,0,0,4
META,2024-02-01 16:00:00-05:00,1,-0.0014333414427282198,0.059098199176358834,0.12662793160803676,0.25499408111467803,0.01428775516886958,0.013985651557976826,1.2298129454314992,0.03955692958252266,0.10484564601512125,0.05367424270952115,387.43365478515625,1,0.75,3.5349999999999997,3,0.02164394613606313,0.007061881704448173,14.350000381469727,1,0,0,0,2
META,2023-10-25 16:00:00-04:00,1,-0.03533941928738038,-0.028865362767784064,0.04545768996126287,-0.018989214720205427,0.017740771028971584,0.01727596492020064,0.9548362992813115,-0.000236655818835807,0.030786787595685317,0.06353000139318121,310.38189697265625,1,0.5,-4.970000000000001,2,-0.005283193364110317,0.007729506719582548,18.969999313354492,0,0,0,1,10
META,2023-07-26 16:00:00-04:00,1,-0.05633718207140126,-0.012806283748428737,0.0574568065024228,0.23436465231388182,0.019708398435744953,0.016339976735068686,0.7439148320526502,-0.010070085863673639,0.06234144319829027,0.10537628992794579,292.42730712890625,1,0.25,-6.4425,1,0.05562775317848878,0.005215682921089581,13.859999656677246,0,0,1,0,7
META,2023-04-26 16:00:00-04:00,1,-0.04745510110550466,-0.029459919792522493,0.023220323627380468,0.3678000123741183,0.014391818049407656,0.03687973979263644,1.0105068351142994,-0.02658537641630654,0.05776614648972189,0.049244202909528134,206.11026000976562,0,0.25,-7.5375000000000005,0,0.024187257774256343,0.007195589170533067,18.760000228881836,0,1,0,0,4
META,2023-02-01 16:00:00-05:00,0,0.040729302525293276,0.10054648332046456,0.23790932550346855,0.6453503014356632,0.020208673466056832,0.029063784699238163,1.0875983516609673,0.0853955565089648,0.19615418421899933,0.0917970298862858,147.93661499023438,0,0.25,-3.1799999999999997,0,,,19.399999618530273,1,0,0,0,2
META,2022-10-26 16:00:00-04:00,0,0.03546682565818582,0.06978390748593588,0.023140100357416538,-0.14018635020892123,0.02961520351296159,0.028337131321943248,1.1302640724614517,0.0262668489248008,-0.07206204703648988,0.11062063702231506,136.55612182617188,0,0.5,0.21500000000000008,0,0.05927682973378334,0.01872662191980165,28.459999084472656,0,0,0,1,10
META,2022-07-27 16:00:00-04:00,0,-0.094607022530668,-0.025234339164591058,-0.06100650705493782,-0.22641327225621444,0.035496834116822404,0.0364886856696368,1.097161479489982,-0.048049196740368894,-0.0979313296379376,0.16397589138806645,158.04598999023438,1,0.75,6.07,1,0.005918675833187503,0.011722126676989717,24.690000534057617,0,0,1,0,7
META,2022-04-27 16:00:00-04:00,1,-0.1673185514334924,-0.16404876998205076,-0.19070617091734843,-0.40025186769449494,0.029429151730043762,0.04498889999745876,1.1928245072432921,-0.15119070691303826,-0.1341507925829274,0.1930917763253972,179.69479370117188,0,0.75,14.5275,0,-0.08731975166549266,0.012778219716840985,33.52000045776367,0,1,0,0,4
META,2022-02-02 16:00:00-05:00,0,0.06280223952113473,0.0026720255930268166,-0.0577183302565365,-0.05017113966748199,0.023535981789397937,0.02085425133407784,0.8369087153884444,0.001790225854388705,-0.024224740328016692,0.09905475124576868,316.7872009277344,1,1.0,20.91,8,-0.05183066224012545,0.011802737114822813,21.959999084472656,1,0,0,0,2
META,2021-10-25 16:00:00-04:00,1,-0.000461964264102388,-0.016482224718588512,-0.08032065994501092,-0.09407777714884591,0.02113265802970433,0.016326727745024004,1.6217657170205404,-0.027821193173746095,-0.0830484606492875,0.07122163804017423,322.3582458496094,1,1.0,31.0175,7,0.020747396984687194,0.009057878961447934,15.430000305175781,0,0,0,1,10
META,2021-07-28 16:00:00-04:00,1,0.07653806899587545,0.0446477043535396,0.03421979898682892,0.13144459124353114,0.01647921128642822,0.01598679610709684,1.0724845908956195,0.04601129620941613,0.08499803879275603,0.09986794499938845,365.258544921875,1,1.0,33.2275,6,0.026996125522641856,0.007164573386998511,19.360000610351562,0,0,1,0,7
META,2021-04-28 16:00:00-04:00,1,0.003039770765725258,-0.019983323090079663,0.04384146472905748,0.17512487158342926,0.014576934529299933,0.01828664282443331,0.8966860342525127,-0.0020169792581671286,0.0674725102954945,0.032968134827618956,301.4641418457031,1,1.0,23.230000000000004,5,0.054929300432386974,0.0064786413159472755,17.559999465942383,0,1,0,0,4
META,2021-01-27 16:00:00-05:00,1,0.08023739535978569,0.09815438409754207,0.05478669940016423,0.05372285054924886,0.021929981476794858,0.023240552288544044,0.9369966301957194,0.05816628012840064,0.03602595858021029,0.08266326354720288,280.09344482421875,1,1.0,18.1875,4,,,23.020000457763672,1,0,0,0,1
META,2020-10-29 16:00:00-04:00,1,-0.03967996711821786,-0.015267691657884108,0.022031451912587707,0.07140868828033109,0.0252489002577509,0.025433450696632505,1.2348562308253692,-0.00701873162610378,-0.01036251241060726,0.06727517672986694,265.813232421875,1,1.0,10.266666666666666,3,-0.02457542698473525,0.013056488211307097,40.279998779296875,0,0,0,1,10
META,2020-07-30 16:00:00-04:00,1,-0.027431620326906492,-0.029091070239370742,0.0273922129820805,0.13655833550297092,0.017874737488342025,0.021894766372165753,0.6121141233386331,-0.022764816451621317,-0.0034218322698641446,0.0684002124993166,231.6716766357422,1,1.0,0.96,2,0.054352046248508756,0.00843713660431697,24.100000381469727,0,0,1,0,7
META,2020-04-29 17:00:00-04:00,1,0.07090167499692557,0.026603912707892308,0.10219952193725779,-0.09410130433330088,0.03052548213806299,0.040783882338189935,0.9191959076726485,0.04970780445891454,0.039074859501830206,0.08762772235488958,181.6411895751953,1,1.0,1.26,1,0.09203152577013807,0.02587310157185105,33.56999969482422,0,1,0,0,4
META,2020-01-29 16:00:00-05:00,1,-0.016482946888282224,-0.018566131005416597,0.04656409989841581,0.15691905960468255,0.011459312589073846,0.010818645940741818,1.0583894235226494,0.007237893530359196,0.05340197666320612,0.048235461400151,216.27923583984375,0,0.5,0.0,999,,,16.280000686645508,1,0,0,0,1
NVDA,2025-11-19 16:00:00-05:00,1,-0.06108927244087625,-0.08722132573840746,0.0011039568336537187,0.008677037570650192,0.02889444479291858,0.023371210530932895,1.1056093763611528,-0.060712414046010355,-0.025919297454687573,0.09039806482248491,181.3498992919922,1,1.0,6.4725,8,-0.016699053101442263,0.008423014237440907,24.690000534057617,0,0,0,1,11
NVDA,2025-08-27 16:00:00-04:00,1,0.03490096358184869,-0.0075890070086148675,0.03566753795822142,0.34524246089995203,0.015621098241936079,0.015881332625068644,1.039897307426921,0.012959460931450506,0.0788254350055333,0.08050943523522336,181.7496337890625,1,1.0,6.8625,8,0.015584210025873624,0.007637199145988983,14.619999885559082,0,0,1,0,8
NVDA,2025-05-28 16:00:00-04:00,1,-0.0005163736140399999,0.10162597641406723,0.24620606836765258,0.08479399764286666,0.022193423553347455,0.0424010195393318,0.9285859278953366,0.09170301059141206,0.17755837966752286,0.06379664839649979,135.47540283203125,1,1.0,8.565000000000001,8,0.07315958229651076,0.010760288343655179,18.959999084472656,0,1,0,0,5
NVDA,2025-02-26 16:00:00-05:00,1,-0.09160684840614808,-0.051957777460362786,0.06932958250922638,,0.033830232586367026,,1.0000535528423875,-0.025098155220275142,-0.05655315087691104,0.13677274294615138,126.59537506103516,1,1.0,10.1025,8,-0.008558949229649282,0.006837697524720189,19.43000030517578,1,0,0,0,2
NVDA,2024-11-20 16:00:00-05:00,1,-0.008631698220258444,0.050746874073682946,0.02381777239791294,0.1626014370960691,0.024397124604321616,0.02958038099378242,1.1138970024088855,0.03361479341640172,0.110186411950433,0.08880797440470611,146.9596710205078,1,1.0,12.655000000000001,7,0.011966116097509083,0.009170068148555432,16.350000381469727,0,0,0,1,11
NVDA,2024-08-28 16:00:00-04:00,1,0.008251550404708041,0.10470131515848013,0.23686498926218014,0.1703642732119759,0.048611355210832145,0.03999582737403723,0.8255675026614773,0.10075378808897129,0.06239748285827762,0.06628744366803163,128.2451171875,1,1.0,18.5775,6,0.03608849899901001,0.012859299929581958,15.430000305175781,0,0,1,0,8
NVDA,2024-05-22 16:00:00-04:00,1,0.04411315472754751,0.0533605169197342,0.15727406196739913,0.20606979555495508,0.0270569978927402,0.030327019634192036,0.8473053263684908,0.06757250996679653,0.07684597907110091,0.04607020742572021,95.33736419677734,1,1.0,19.570000000000004,5,0.05084548053188809,0.006589506171563449,11.859999656677246,0,1,0,0,5
NVDA,2024-02-21 16:00:00-05:00,1,-0.038700006561418365,0.0017308154739308357,0.1642471724936434,,0.024003364938586,,1.4328334846127029,0.03484938045757868,0.20991332551114184,0.09844375118100501,69.413330078125,1,1.0,19.0825,4,0.027531332972778655,0.007657713686986927,15.420000076293945,1,0,0,0,2
NVDA,2023-11-21 16:00:00-05:00,1,0.03679577565690728,0.1018121051413452,0.17298436293120778,0.0955094800952303,0.021218288481017013,0.021831742200248822,0.9927334509964911,0.10915658726067479,0.13222533265820902,0.04871384831859005,50.37650680541992,1,0.75,10.07,3,0.08038811858060346,0.009260317313312835,13.40999984741211,0,0,0,1,11
NVDA,2023-08-23 16:00:00-04:00,1,0.03932630735396003,0.02247884573947667,-0.00024077013012957504,0.202546712582939,0.032488787046008764,0.027822750619695087,1.5861138883586394,0.02493781753458091,0.04301038254584233,0.15667322769366399,45.63479995727539,1,0.75,2.3600000000000003,2,-0.03796345808307733,0.006361046008103678,16.969999313354492,0,0,1,0,8
NVDA,2023-05-24 16:00:00-04:00,1,0.05049118144798248,0.07409604587908869,0.16946767575400568,0.306038547988869,0.022558818893949343,0.021447485974187046,0.9055946211309988,0.058626622822616214,0.11119549610535695,0.08148144832886861,30.662513732910156,1,0.75,-1.125,1,0.019725268841281007,0.008899197396579796,18.530000686645508,0,1,0,0,5
NVDA,2023-02-22 16:00:00-05:00,1,-0.052000992309426675,-0.020579496696166655,0.07617364945595662,,0.03550239488819969,,0.8017757313907083,-0.020725621138525496,0.13790631355753313,0.11790660011003706,20.63434600830078,0,0.75,-1.495,0,-0.003843940820681513,0.01049760643214344,22.8700008392334,1,0,0,0,2
NVDA,2022-11-16 16:00:00-05:00,0,0.1413504060467372,0.23059858270119316,0.3926632021953709,-0.021313222514789065,0.04087508354362935,0.039975680693410086,0.9889688617824904,0.1988633234016397,0.26346390079045134,0.23540935656636974,16.64507293701172,1,1.0,4.8375,8,0.07372077273156563,0.018221875415299002,24.540000915527344,0,0,0,1,11
NVDA,2022-08-24 16:00:00-04:00,1,-0.0899411980651379,0.005559878091443871,0.03919407020543986,-0.03732937895722599,0.03571881350298968,0.03615650260282139,0.7484271309841541,-0.057829385138383316,0.014583584902348123,0.11193002308870104,17.154329299926758,1,1.0,8.875,8,0.05490040611591507,0.011785664698332367,24.110000610351562,0,0,1,0,8
NVDA,2022-05-25 16:00:00-04:00,1,-0.11129464595434968,-0.081898285957413,-0.140196091592396,-0.33743075847845694,0.05247232975931604,0.04518537727241975,0.9630160441860003,-0.09763521880874149,-0.25611083733075724,0.14998406965509825,16.12551498413086,1,1.0,10.52,8,-0.05337641754116251,0.021193296018902165,29.450000762939453,0,1,0,0,5
NVDA,2022-02-16 16:00:00-05:00,1,0.05524162774821928,0.07537174331202556,0.02285453621365252,-0.16343347560757793,0.04410681802585322,0.039004391396114356,1.2659701502526581,0.09133540993820843,-0.022216336277796733,0.13344562355056055,26.44377899169922,1,1.0,11.12,8,-0.02276061196473722,0.01399522119636725,25.700000762939453,1,0,0,0,2
NVDA,2021-11-17 16:00:00-05:00,1,-0.014809172460026443,0.144009584982562,0.35500181781389006,0.3757320034621132,0.03318753248678982,0.025672144842547474,0.6564992078715169,0.11724331606057103,0.27443965449803076,0.07199946182253947,30.140913009643555,1,1.0,12.669999999999998,7,0.04136356664249119,0.004147224571332813,16.3700008392334,0,0,0,1,11
NVDA,2021-08-18 16:00:00-04:00,1,-0.023976874990051633,-0.01801702112962822,0.0454542419970676,0.2982111132629994,0.016423973427629798,0.020471299830599254,0.9466995891781435,-0.017275307467315204,0.004601867952715999,0.05294034875961984,19.41457748413086,1,1.0,11.67,6,0.030111909529624947,0.004620666146342417,17.90999984741211,0,0,1,0,8
NVDA,2021-05-26 16:00:00-04:00,1,0.11644043285790584,0.09377027327201226,0.017293219437023,0.13086494730860188,0.02390126714419823,0.028739517233630732,1.4411632893401554,0.07197471307702363,0.0909048899749414,0.16799862319578884,15.609253883361816,1,1.0,10.525,5,0.0017244213179214984,0.00907596826946323,18.84000015258789,0,1,0,0,5
NVDA,2021-02-24 16:00:00-05:00,1,-0.07751025056123406,-0.020552377986297055,0.035797242749411096,,0.025857044909679168,,1.3187347309448587,0.002477402588589639,0.04079496937592708,0.13697302082643348,14.102340698242188,1,1.0,11.1525,4,0.008090642273401727,0.009881557075543522,23.110000610351562,1,0,0,0,2
NVDA,2020-11-18 16:00:00-05:00,1,0.05107679929761577,0.030934270003352804,-0.01636083159247126,0.055503426394230226,0.036340556572487887,0.03320771586503024,0.8668325724226408,0.006069464998839091,0.01306952750753232,0.06315516931381016,13.380656242370605,1,1.0,10.133333333333335,3,0.0502064342309938,0.01386457779577366,22.709999084472656,0,0,0,1,11
NVDA,2020-08-19 16:00:00-04:00,1,0.13002300765337194,0.09200406097046687,0.18707910155336172,0.3589637443967615,0.024589153648936133,0.024106013612668804,1.3483427731539857,0.11353039671571552,0.2026060370309566,0.14032796101189304,12.219099044799805,1,1.0,9.870000000000001,2,0.0419375142751548,0.006829603399208977,21.510000228881836,0,0,1,0,8
NVDA,2020-05-21 16:00:00-04:00,1,0.1529560602377371,0.20487595831831706,0.2538876447108367,0.37002306426534726,0.02402761322647912,0.05761040290031928,1.201987382258485,0.15675681715198064,0.30442536217097027,0.18211408816409458,8.935449600219727,1,1.0,12.88,1,0.06388370860150983,0.0152943924886726,27.989999771118164,0,1,0,0,5
NVDA,2020-02-13 16:00:00-05:00,1,0.08685594617597947,0.10996159524099336,0.10215140863375893,0.3000670258192888,0.021283485092721773,0.01872779922792843,1.1962332974867362,0.08829249013436158,0.14452780083691574,0.09611053205535147,6.783199787139893,0,0.5,0.0,999,0.03044758535265446,0.008551933128798374,13.739999771118164,1,0,0,0,2
TSLA,2025-10-22 16:00:00-04:00,0,0.031124816357035456,0.02195850711408598,0.03933309794512119,0.35937839332199384,0.03350041552190504,0.028100366247823052,0.6174885290908068,0.0113982435139659,0.1294250886728603,0.06762239301101025,442.6000061035156,1,0.5,-9.775,1,0.01218301239982944,0.008384049286622924,17.8700008392334,0,0,0,1,10
TSLA,2025-07-23 16:00:00-04:00,1,0.06863371727925549,0.1151740642495398,-0.04752210528932277,0.27975790086673635,0.030584083889152493,0.03850996537561197,0.8269555106755214,0.04819132172640672,0.018971088134282832,0.08118484191421804,332.1099853515625,0,0.25,-16.435,0,0.04783802606644749,0.004532447649739285,16.5,0,0,1,0,7
TSLA,2025-04-22 16:00:00-04:00,0,-0.09833140897570714,-0.04982664261254843,-0.08528006972501356,-0.44832436755838956,0.0738527819303224,0.05534196011750729,0.6676814010765072,-0.1150098255703137,-0.18011577147339908,0.17509760618707304,227.5,0,0.25,-2.1575,0,,,33.81999969482422,0,1,0,0,4
TSLA,2025-01-29 16:00:00-05:00,0,-0.06126349550220689,-0.012942900628057807,-0.12340080580974366,,0.037388441132215226,,0.6585549281951794,-0.02420670513832468,0.01153241336328037,0.1073738680465719,398.0899963378906,1,0.25,-1.9750000000000005,1,,,16.40999984741211,1,0,0,0,1
TSLA,2024-10-23 16:00:00-04:00,1,-0.007286997541303686,-0.10850715247156184,-0.14276164094000188,-0.06087895093165385,0.026806076947996506,0.03453620563214177,0.6014172997525664,-0.08272014873399869,-0.044703509023521604,0.03512038005344609,217.97000122070312,0,0.0,-9.55,0,0.02103984999516828,0.0056417880157781175,18.200000762939453,0,0,0,1,10
TSLA,2024-07-23 20:00:00-04:00,0,-0.004472786912375182,-0.0056535459823188194,0.3742964977655432,0.5512859244569026,0.040674448544026784,0.03766307382668043,0.790032479201487,0.07804012576311492,0.2591541355946012,0.0920068957381377,251.50999450683594,0,0.25,-2.7325000000000004,0,,,14.90999984741211,0,0,1,0,7
TSLA,2024-04-23 16:00:00-04:00,0,-0.12032445621663856,-0.17880676054876954,-0.16847157098177257,-0.2221978905223898,0.028439260528998707,0.02828692663881219,1.1182453491540927,-0.14748685340280387,-0.2006756823671233,0.14070603998484232,142.0500030517578,0,0.5,-0.8050000000000002,0,,,16.940000534057617,0,1,0,0,4
TSLA,2024-01-24 16:00:00-05:00,0,-0.048974599122871165,-0.1302141732417379,-0.1782318295102222,-0.015441101626825993,0.017185745407754825,0.025109032050221587,1.0258087768287434,-0.10383998175171127,-0.11739931323124086,0.055897602852942985,209.13999938964844,0,0.75,2.02,0,,,12.550000190734863,1,0,0,0,1
TSLA,2023-10-18 16:00:00-04:00,0,-0.033267541067108164,0.03374845805952864,-0.04371479886110463,-0.05281346756863614,0.02223230267799865,0.02923244132912159,0.8223865020286326,0.004079776531989099,0.017924444022801023,0.08709731306856483,254.85000610351562,1,1.0,5.779999999999999,8,-0.01511143874883114,0.008131481143315094,17.8799991607666,0,0,0,1,10
TSLA,2023-07-19 16:00:00-04:00,1,0.08729006652241345,0.04831673454288299,0.12589232638838044,0.7997422323554284,0.03227104680820239,0.026559016569877573,0.8186023154876997,0.08855098107370529,0.2799333855909676,0.09113083187690663,293.3399963378906,1,1.0,9.722500000000002,8,,,13.300000190734863,0,0,1,0,7
TSLA,2023-04-19 16:00:00-04:00,1,-0.013276919624597316,-0.05370440254873554,0.0057844341533084265,0.3814270730629761,0.03229664843021392,0.03965702566295842,0.7170473974661631,-0.030202587221834,-0.04245692412532709,0.06250349079395123,184.30999755859375,1,1.0,20.407500000000002,8,0.051988614297479474,0.007661672297266482,16.829999923706055,0,1,0,0,4
TSLA,2023-01-25 16:00:00-05:00,1,0.09430369897679425,0.2013860183904277,0.14790587268618904,-0.35946403231570256,0.055374320276975884,0.04623691665299471,0.8550433823833071,0.17394142282556957,-0.0605801452403929,0.17850537267484823,143.88999938964844,1,1.0,20.327500000000004,7,,,19.200000762939453,1,0,0,0,1
TSLA,2022-10-19 17:00:00-04:00,1,0.017043891184324478,-0.11726266722945078,-0.2867878255892745,-0.1797217901772199,0.04005221633394658,0.033327047747001674,1.000070763546574,-0.11244844672379883,-0.20045752021132834,0.12568575236008228,220.19000244140625,1,1.0,22.825,6,-0.033742036588907065,0.01841739049346653,30.5,0,0,0,1,10
TSLA,2022-07-20 17:00:00-04:00,1,0.05346029546283626,0.053475399818138536,0.13272746356133358,-0.26982099670301984,0.03457667847349365,0.04677796535080105,0.9025830336121247,0.035832753566771514,0.03009639125841379,0.11324242928683859,245.52999877929688,1,1.0,28.5675,5,,,24.5,0,0,1,0,7
TSLA,2022-04-20 16:00:00-04:00,1,0.05350796894263454,-0.1024051804402859,0.11614701709204289,0.08925736949079544,0.03750604959557243,0.04097144312552204,0.7005515991653706,-0.01296729906065408,0.10480896451163124,0.06354950823922856,342.7166748046875,1,1.0,22.845,4,0.0014626850656669355,0.010902772299237693,21.3700008392334,0,1,0,0,4
TSLA,2022-01-26 16:00:00-05:00,1,-0.10879078088440064,-0.13204551644941653,-0.16046584653012008,-0.1472925920948468,0.04339750915696952,0.04265640469436555,1.0631414370399563,-0.12347886351907056,-0.1209620876705636,0.23864612014012843,306.1333312988281,1,0.75,15.1475,3,-0.08965770248499705,0.008524854371475595,31.15999984741211,1,0,0,0,1
TSLA,2021-10-20 15:00:00-04:00,1,0.07266790908040366,0.10720099778046865,0.16891174425859123,0.3142392193529022,0.013602523467814718,0.018096438748004807,0.9138020592367029,0.0864938144773093,0.14947280769089932,0.08956541024893472,288.0899963378906,1,0.75,17.7875,2,0.03922697341405201,0.00953174273550248,15.699999809265137,0,0,0,1,10
TSLA,2021-07-26 16:00:00-04:00,1,-0.001303896675674543,-0.02065604964347456,-0.053602425981733814,-0.07347344479501128,0.018057303385679294,0.025156628774773863,0.7218117128528834,-0.028783382396646573,0.02274106289332045,0.07012826946556605,214.4600067138672,1,0.75,370.515,1,,,17.200000762939453,0,0,1,0,7
TSLA,2021-04-26 16:00:00-04:00,1,-0.014031225424626315,0.07736842760056173,0.13899341743573568,-0.15594338427271226,0.03396955892912129,0.04554276850361838,0.8578141975052936,0.048609979185198604,0.0483328212437264,0.08957789002846761,243.13333129882812,0,0.75,528.2325000000001,0,,,17.329999923706055,0,1,0,0,4
TSLA,2021-01-27 16:00:00-05:00,0,0.04563381637505581,0.08863524476099038,0.3344364983544523,1.174991504730405,0.034997185258665096,0.0384169900508114,0.6050029208399412,0.10498340292120045,0.3276466782136822,0.08662595544673701,294.36334228515625,1,1.0,538.65,4,,,23.020000457763672,1,0,0,0,1
TSLA,2020-10-21 18:00:00-04:00,1,-0.05532294143679073,0.019227998444412808,-0.00539803522998672,0.3702910007485192,0.03895088548473945,0.05703650056338649,0.6376081943236369,-0.010049877218537895,0.02607986135646656,0.11180051488444698,140.64666748046875,1,1.0,709.6066666666666,3,0.039600277683237595,0.012112266649762657,29.350000381469727,0,0,0,1,10
TSLA,2020-07-22 16:00:00-04:00,1,0.033992603441028946,0.1284302180146173,0.577319148608028,1.1628076886809389,0.05164106391724218,0.04463110210039559,1.0035232218009862,0.19883386674997516,0.48685283106920396,0.14962250990852577,104.55733489990234,1,1.0,334.025,2,0.04632662516785624,0.011827266161467008,24.84000015258789,0,0,1,0,7
TSLA,2020-04-29 12:00:00-04:00,1,0.11999064768139323,0.083435439316079,0.5317148314632862,0.1822247787618403,0.05962801032382916,0.0805146202881348,0.8586390328775492,0.19454722115752188,0.2021583349862548,0.16885190194814248,51.27466583251953,1,1.0,17.76,1,0.0920313417882812,0.025873106232263937,33.56999969482422,0,1,0,0,4
TSLA,2020-01-29 16:00:00-05:00,1,0.0360014150351986,0.08009752531263525,0.31720799839339175,0.799625226989978,0.034620704885450396,0.025791642142837926,0.6414391394589406,0.12675770731297997,0.35371532210360157,0.1023957406791014,37.793331146240234,0,0.5,0.0,999,,,16.280000686645508,1,0,0,0,1
JPM,2025-10-14 06:00:00-04:00,1,-0.024762532528723513,-0.043368748366329535,-0.014848468800989556,0.04295570214702882,0.0075982472852271716,0.009953543778389888,0.984539205099165,-0.027822322827450452,0.0026082389894204194,0.03636848020410377,300.8900146484375,1,1.0,12.2125,6,,,19.030000686645508,0,0,0,1,10
JPM,2025-07-15 06:00:00-04:00,1,-0.030878434379014497,-0.0017593947861215264,0.07492798170783077,,0.013054491033991908,,0.7706781826075341,0.020128831553743565,0.06969748938958631,0.056116480517832246,285.4720764160156,1,1.0,18.245,5,,,17.200000762939453,0,0,1,0,7
JPM,2025-04-11 06:00:00-04:00,1,-0.04082900700952108,-0.06073609649205414,0.03459160223252278,-0.03450545058771537,0.033013801717384106,0.022933544405192702,1.7293144586695903,-0.0035071869242349063,-0.06424719063383832,0.17471301211967183,232.0880889892578,1,1.0,17.8075,4,-0.015387534131661385,0.03163436659823764,40.720001220703125,0,1,0,0,4
JPM,2025-01-15 06:00:00-05:00,1,0.00900718794477906,0.009588249242186375,0.00797146149347161,,0.012593995009255681,,1.0614480985478065,0.02170174750921028,0.020858605180188228,0.02911119243990834,240.38262939453125,1,0.75,9.100000000000001,3,,,18.709999084472656,1,0,0,0,1
JPM,2024-10-11 06:00:00-04:00,1,0.035881470653543746,0.021589216915119724,0.03618145620935054,0.005186157340470787,0.0117044707996922,0.015317667882913454,0.8033161953874508,0.024329020923791633,0.01725041726638965,0.05487372703454074,208.99578857421875,1,0.75,8.945,2,0.04417273700086066,0.006270192247946725,20.93000030517578,0,0,0,1,10
JPM,2024-07-12 06:00:00-04:00,1,0.0005816349793237308,0.05493737156355416,0.046798480841113044,0.1431229034057182,0.011783471717288663,0.012154776726623481,0.8753702337333644,0.04240571776327928,0.05120394260826,0.028386625329830828,202.2528839111328,1,0.75,6.805,1,,,12.920000076293945,0,0,1,0,7
JPM,2024-04-12 06:00:00-04:00,1,-0.008521440412965764,0.004497034057304727,0.0356626353467826,0.1630299064747338,0.010292435947187336,0.008649569708331898,0.873306146022463,0.001957686966086891,0.051094540647651954,0.028324332162004584,189.20361328125,0,0.75,10.377500000000001,0,-0.0020564194652752388,0.006095905912584311,14.90999984741211,0,1,0,0,4
JPM,2024-01-12 06:00:00-05:00,0,0.004345811097173469,0.021881142942033138,0.08154982726484006,0.16266590691684946,0.007016318735460086,0.009206940347824901,0.982535712707216,0.020851479955608765,0.0923182371364688,0.026220732372862265,164.5774383544922,1,1.0,18.05,5,,,12.4399995803833,1,0,0,0,1
JPM,2023-10-13 06:00:00-04:00,1,0.027055798021762723,0.009935665072074107,0.005590100565826761,-0.04185593458064152,0.009293913930886924,0.009115550897986411,0.9592398601425594,0.006072238871582369,-0.006885008136616966,0.04544491606602219,139.7823944091797,1,1.0,18.1575,4,-0.019374658448350623,0.008273472796230339,16.690000534057617,0,0,0,1,10
JPM,2023-07-14 06:00:00-04:00,1,0.024267080220135684,0.07160502208630803,0.057925061594813254,0.07523565527399834,0.01139399812617906,0.011822938798448514,1.135802939714635,0.04148843051403195,0.06641023671273483,0.05960112204328638,140.6573486328125,1,0.75,10.3525,3,,,13.609999656677246,0,0,1,0,7
JPM,2023-04-14 06:00:00-04:00,1,0.008475918351485312,0.004876304944164023,-0.03796998176537114,-0.09440970824826367,0.019084167725171266,0.016698443711643966,0.701102601125643,0.007611775291095135,-0.044099743557969195,0.03335441979876497,121.16900634765625,1,0.5,4.217499999999999,2,0.04563691617847221,0.008956345925782412,17.799999237060547,0,1,0,0,4
JPM,2023-01-13 06:00:00-05:00,1,0.03139297120251472,0.06771951121720421,0.04806925265861417,0.2650540920084259,0.00941653013389628,0.014588991055874438,0.9158135859483427,0.05021002318767476,0.05563459490647449,0.04525038879817633,130.63876342773438,1,0.5,2.89,1,,,18.829999923706055,1,0,0,0,1
JPM,2022-10-14 06:00:00-04:00,1,-0.06141836183867533,-0.03197507532233412,-0.09975020426120962,-0.08749114728252227,0.0209272284368887,0.017222234051943865,1.0412667415563466,-0.047204492416901056,-0.08427018691584975,0.08797390095446689,96.22743225097656,0,0.5,5.1075,0,-0.0926894656147571,0.01523187387320902,31.940000534057617,0,0,0,1,10
JPM,2022-07-14 06:00:00-04:00,0,0.003107751045208218,-0.020714299621776844,-0.046680999126008094,,0.01598974098822301,,0.8668554847915629,-0.006266659475140823,-0.05331844927016449,0.04386697118420546,103.9900894165039,0,0.75,11.0675,0,,,26.81999969482422,0,0,1,0,7
JPM,2022-04-13 06:00:00-04:00,0,-0.014157770104414769,-0.048868982021032736,0.02931443460281158,-0.20355554055638747,0.01645146621313133,0.020163617591379482,0.7587448783415831,-0.026704139924229597,-0.05784824553461976,0.05181383509266446,121.3544692993164,1,1.0,24.275000000000002,6,0.05824150556382368,0.012099042002621034,24.260000228881836,0,1,0,0,4
JPM,2022-01-14 06:00:00-05:00,1,0.028452938339246003,0.06867844447731808,0.06485038029971335,0.017410199719897435,0.013884106940218924,0.012706089164891552,1.0004322363974887,0.05035482470932262,0.04047589704895449,0.03490569810176902,152.5605010986328,1,1.0,25.794999999999998,5,0.020102679064584628,0.009481368963736879,20.309999465942383,1,0,0,0,1
JPM,2021-10-13 06:00:00-04:00,1,0.00415770032428453,0.003977344087437773,0.04869357821140352,0.1035752755424566,0.01584380455351917,0.01327353086684431,1.0011618046726705,0.027366636447620163,0.047274480334499325,0.03319286248540343,150.03085327148438,1,1.0,30.775,4,-0.023506227402578683,0.00979964986276404,19.850000381469727,0,0,0,1,10
JPM,2021-07-13 06:00:00-04:00,1,-0.002624878221109017,0.02726179186569677,-0.023268677981967856,0.036093383586584205,0.015083626330390065,0.012816520875236173,0.7746478674062152,0.01647252924021858,-0.012026099329027318,0.041855819301133135,139.404296875,1,0.75,23.395,3,,,16.170000076293945,0,0,1,0,7
JPM,2021-04-14 06:00:00-04:00,1,0.015167315675471471,0.011467410073022766,0.004601272400451828,0.11769495109181483,0.012966471952642486,0.013943719434335582,0.717937498830092,0.017814261330744374,0.05339572428885475,0.03549336204258413,138.7657012939453,1,0.75,18.7475,2,,,16.649999618530273,0,1,0,0,4
JPM,2021-01-15 06:00:00-05:00,1,0.0668949057990722,0.1307958861741354,0.19493470393450596,0.39257975177696136,0.01670960289540193,0.025210116350134,1.007102215763534,0.10535908159199114,0.17134256163489536,0.05629683485184467,124.15348052978516,1,0.75,17.002499999999998,1,,,23.25,1,0,0,0,1
JPM,2020-10-13 06:00:00-04:00,1,0.043406263151903435,0.09274679677994757,0.01057719365755272,0.02128839699651408,0.016492395413323025,0.016389386554808556,0.761561375785151,0.04551171484137484,0.031141479969620578,0.04717459714011252,88.88129425048828,0,0.6666666666666666,9.926666666666668,0,,,25.06999969482422,0,0,0,1,10
JPM,2020-07-14 06:00:00-04:00,0,0.03895944640968474,-0.00767548180068911,-1.9579902714284003e-05,0.07069152835495007,0.025790646471644373,0.03269114683865065,1.2429293161274482,0.009474422696545526,0.01282172822026273,0.06675458768076226,83.7740478515625,1,1.0,20.11,2,,,32.189998626708984,0,0,1,0,7
JPM,2020-04-14 06:00:00-04:00,1,0.18646849607207727,0.05817183176914065,0.17919166456463698,-0.25196084117618245,0.078967317758522,0.054095071473445125,1.3705003465689996,0.1481804801326907,-0.06871241068497047,0.26120581643789786,88.55867767333984,1,1.0,8.83,1,,,41.16999816894531,0,1,0,0,4
JPM,2020-01-14 06:00:00-05:00,1,-0.016408683984426076,-0.015077890260789317,0.020595920761809827,0.14157692604115724,0.010004367650888362,0.008595845264778048,0.9698451430181123,-0.008819959637426433,0.025288680295061372,0.019690354485479844,116.05927276611328,0,0.5,0.0,999,,,12.319999694824219,1,0,0,0,1
V,2025-10-28 16:00:00-04:00,1,0.009900990978057411,0.013166365844673233,0.02251884338541621,0.02676302281613374,0.01157841328383148,0.011085051648954526,1.0048406439182143,0.005035011289026281,0.008867564543737494,0.019387737307534625,347.1324157714844,1,1.0,4.0649999999999995,8,0.032485504806120336,0.008844156751079371,15.789999961853027,0,0,0,1,10
V,2025-07-29 16:00:00-04:00,1,0.012908243291485988,0.014179784460284672,0.019678234405870576,0.030565569741434873,0.00932900394211314,0.013139722162950609,0.7173416099297203,0.005969878401530737,-0.003975415413831507,0.02318684351363931,354.1441650390625,1,1.0,2.9225000000000003,8,,,15.029999732971191,0,0,1,0,7
V,2025-04-29 16:00:00-04:00,1,0.05438908788604624,0.01232747076515417,-0.01557537608573012,-0.014493740427157564,0.029985103603497508,0.01965890389275432,0.7077231072005596,0.017687605890029268,-0.007408230355621659,0.058500502066415994,335.693603515625,1,1.0,2.9625,8,,,25.149999618530273,0,1,0,0,4
V,2025-01-30 16:00:00-05:00,1,0.038076332762835285,0.0866738153724751,0.054038836018946323,,0.009074054105938058,,0.9354345505646385,0.0520348709280003,0.06383187289740788,0.0440707673273566,333.51123046875,1,1.0,2.89,8,,,16.559999465942383,1,0,0,0,1
V,2024-10-29 16:00:00-04:00,1,-0.009273039557726404,0.012505474415718476,0.033606165765077245,0.06819683045052716,0.009706749831269587,0.012522735683996854,0.8311683298268641,0.010737302213707833,0.017992875949163878,0.020478564040908864,281.6502990722656,1,1.0,2.5374999999999996,8,0.012322404058829894,0.00597479058391278,19.799999237060547,0,0,0,1,10
V,2024-07-23 16:00:00-04:00,1,-0.00275662001422905,0.004917380206250321,-0.027287330938919108,-0.024778410739195844,0.011578804440916732,0.00929114982869503,0.5695329456845039,-0.0009256077262135287,-0.016389630600947114,0.03522382713680616,264.78656005859375,1,1.0,3.0175,8,,,14.90999984741211,0,0,1,0,7
V,2024-04-23 16:00:00-04:00,1,0.0038705609134195296,-0.019549237509402517,-0.038586481696059605,0.0008356620957827854,0.006725665426194989,0.00933975289791408,0.9535611571022139,-0.012246720491747132,-0.02527424009914825,0.021767451783827996,268.8585510253906,1,1.0,3.5225,8,,,16.940000534057617,0,1,0,0,4
V,2024-01-25 16:00:00-05:00,1,0.018827558883453,0.03159551252106918,0.05115505262723952,0.1770509232424604,0.004232820093753256,0.006670942327539103,1.0157519734213893,0.029242411882376418,0.05209469143565104,0.024172306175630265,267.6880798339844,1,1.0,4.875,8,,,13.140000343322754,1,0,0,0,1
V,2023-10-24 16:00:00-04:00,1,-0.035572952887392484,-0.012412552199948412,-0.007841785422556535,-0.0160536325699423,0.009158651838002763,0.008927646106188628,0.9023124904372702,-0.010401181887549238,-0.031771334598076684,0.044102404856192434,227.66851806640625,1,1.0,4.785,8,-0.02723100468581008,0.008140017040946041,20.3700008392334,0,0,0,1,10
V,2023-07-25 16:00:00-04:00,1,-0.013320242924447334,0.010833129772606975,0.04874758230917431,0.057240233786656214,0.009556361654753385,0.010856126079595754,1.0874009849935045,0.011655017990213734,0.03985613018148548,0.023140357495309072,236.28060913085938,1,1.0,7.6,8,,,13.90999984741211,0,0,1,0,7
V,2023-04-25 16:00:00-04:00,1,-0.003083792668683527,0.027955716035741984,0.053022126167611816,0.03785266325407899,0.008614322318898453,0.010023287619946655,1.529197138401383,0.0176323957238238,0.03748700039716568,0.01758098954856191,228.00390625,1,1.0,8.397499999999999,8,,,16.889999389648438,0,1,0,0,4
V,2023-01-26 16:00:00-05:00,1,0.024787950535327674,0.017232877619411502,0.0926491824420912,0.10334664374672187,0.011162146617140243,0.0165393349180441,0.8915346059668126,0.03531285981089205,0.05641301536548271,0.06171811298448748,219.87384033203125,1,1.0,7.8675,8,,,19.079999923706055,1,0,0,0,1
V,2022-10-25 16:00:00-04:00,1,0.029473721186281665,0.04682199986244795,0.05603850791612919,-0.0992984136402939,0.01466673070060696,0.014555603949265679,0.9970215837852863,0.038408813446429324,-0.01759476560360629,0.04530200886374125,186.0321502685547,1,1.0,8.337499999999999,8,0.03996602249893266,0.01851083969106843,29.850000381469727,0,0,0,1,10
V,2022-07-26 16:00:00-04:00,1,0.03407139449712804,0.04491357862044598,0.042625475077005204,0.002658481969032067,0.01300452007588391,0.020936081293879225,0.8434476590901172,0.04174856433312124,0.05155537405695321,0.04891787725223362,208.64466857910156,1,1.0,7.639999999999999,8,,,23.360000610351562,0,0,1,0,7
V,2022-04-26 16:00:00-04:00,1,-0.01510523575209477,-0.032399401864766086,-0.03882246647652787,0.020090162964011782,0.017033810214128094,0.022628583072837844,0.9821686290221826,-0.03701046199217628,-0.02284838224511032,0.09053694231538123,204.0484161376953,1,1.0,7.7075000000000005,8,,,27.020000457763672,0,1,0,0,4
V,2022-01-27 16:00:00-05:00,1,-0.0410376092135889,-0.039695870919063236,-0.05585857365654889,-0.02614911135765241,0.013990510320820975,0.017880992574226852,1.163826654638507,-0.039218521309235865,-0.01871055664489296,0.12241266890341729,199.7581024169922,1,1.0,8.94,7,-0.09119879315394408,0.008493148933487838,31.959999084472656,1,0,0,0,1
V,2021-10-26 16:00:00-04:00,1,0.014004046077749743,0.03895884502293234,0.018641292262399967,-0.049479157163140775,0.015653329501272562,0.01256924671211072,0.8066871386103035,0.025672610211885383,0.025189740035806096,0.037826088917804146,226.53775024414062,1,1.0,8.0875,6,0.02916584320668547,0.009056880768950436,15.239999771118164,0,0,0,1,10
V,2021-07-27 16:00:00-04:00,1,0.0409299324322816,0.05204521490009362,0.05448332866377048,0.058065955482100584,0.012376923753037472,0.01062763320671539,0.6197589939046658,0.037223998573428396,0.06593322825892844,0.04530076672780492,242.06382751464844,1,1.0,6.04,5,,,17.579999923706055,0,0,1,0,7
V,2021-04-27 16:00:00-04:00,1,0.020151460598876625,0.040050559575664835,0.07872437391336518,0.16384611467213328,0.00946492767332411,0.01621794190097878,0.7794861323898562,0.03832291916434216,0.05903835946940261,0.05017572752053234,222.48196411132812,1,1.0,4.58,4,,,17.639999389648438,0,1,0,0,4
V,2021-01-28 16:00:00-05:00,1,-0.053589672103573904,-0.06650384325620562,-0.08305510635429048,0.056222135726467615,0.014937000429608497,0.01639030947098433,1.475200702660147,-0.06555315699172382,-0.06757622988846201,0.06810682296600867,188.02670288085938,1,0.75,1.6724999999999999,3,0.006018449586458807,0.009034843673811837,37.209999084472656,1,0,0,0,1
V,2020-10-28 16:00:00-04:00,1,-0.03864442731324491,-0.06979238219489037,-0.04703176186305669,-0.0017969798886724453,0.011703169080620131,0.013487624751678091,1.2738832962595144,-0.05108060066056097,-0.06251906314635758,0.05919029126694242,183.01580810546875,1,0.6666666666666666,1.5833333333333333,2,0.017600949717541337,0.010608035070914944,33.349998474121094,0,0,0,1,10
V,2020-07-28 16:00:00-04:00,1,-0.007860178555007868,0.04174178954578345,0.04036543612267507,0.10362442483477419,0.012904292034317128,0.01654161808556123,0.7735752961620054,0.010681282532626124,0.014506508560374165,0.03566459837125113,189.3257293701172,1,0.5,1.22,1,,,24.739999771118164,0,0,1,0,7
V,2020-04-30 16:00:00-04:00,1,0.09124186776080667,0.09538442410761583,0.12828922215790484,-0.09340514681615375,0.04141886069290745,0.047842082020539134,1.0190079668918268,0.08843908870214312,0.05900954988598062,0.11121261626980816,174.4958953857422,0,0.0,-0.36,0,0.13757507476166242,0.025863260645947482,31.229999542236328,0,1,0,0,4
V,2020-01-30 16:00:00-05:00,0,-0.014622414894970959,0.04493724469089422,0.09066706739122554,0.1472832299236413,0.009774898633974396,0.008314229286374887,0.858580039297378,0.03506975220108188,0.08167741120076433,0.04671022577090622,196.35581970214844,0,0.5,0.0,999,0.017254498300833143,0.0065924499515054025,16.389999389648438,1,0,0,0,1
WMT,2025-11-20 06:00:00-05:00,1,-0.019818326098201666,-0.008604695179893596,-0.045471671700561656,0.055376246839705434,0.008022568037834077,0.011179110360910785,1.1850477129040249,-0.016557252567650615,-0.019482720581467716,0.05107203856566822,101.1837387084961,0,0.75,2.1375,0,-0.016699053101442263,0.008423014237440907,23.65999984741211,0,0,0,1,11
WMT,2025-08-21 06:00:00-04:00,0,-0.020202967372304537,0.022319813024835655,0.0592235921908324,0.058340265508568745,0.012084059208091961,0.01051178669074844,1.1365186252931723,0.014786104739330952,0.03822394317609934,0.030444330887501758,101.08394622802734,1,1.0,5.07,8,0.017412393107120616,0.006908434153611256,15.6899995803833,0,0,1,0,8
WMT,2025-05-15 06:00:00-04:00,1,-0.024740660637947,0.0007477379108640214,0.014586822251220655,-0.07366638097220068,0.012936662224125076,0.02365583333742312,1.1909958932423963,0.0009615993328007111,0.05514123233181145,0.040537921445015,95.46198272705078,1,1.0,7.22,8,0.08851469083837915,0.013997358483813845,18.6200008392334,0,1,0,0,5
WMT,2025-02-20 06:00:00-05:00,1,0.008356066908406401,0.04259601236690114,0.1287795823634792,,0.010643694639417755,,1.1978127656501802,0.04169596682897048,0.08766179423690712,0.033873395699255404,102.79603576660156,1,1.0,9.0475,8,,,15.270000457763672,1,0,0,0,2
WMT,2024-11-19 06:00:00-05:00,1,-0.006837157284465434,0.025063869630346458,0.036157986442903134,0.11471294900806916,0.008721721329554986,0.00948825477930369,1.3957709680827857,0.013046404434128522,0.03653020548407726,0.02203945629922588,83.2667236328125,1,1.0,6.9350000000000005,8,,,15.579999923706055,0,0,0,1,11
WMT,2024-08-15 06:00:00-04:00,1,0.005757205621049533,-0.01532018715635175,-0.026575035580010842,0.06436498869223262,0.009514756629946683,0.009531213729518753,1.625145485275238,-0.015753990619821634,-0.005189408967958609,0.0382482339348289,67.14347076416016,1,1.0,7.965,8,-0.040399454838746185,0.013835561823995602,16.190000534057617,0,0,1,0,8
WMT,2024-05-16 06:00:00-04:00,1,-0.009119089846633344,0.012084171598417237,0.0037966468880827886,0.061371958597434384,0.008888893548732355,0.009012792423296513,1.2684487218150742,0.002209950501590896,-0.0018061796146761067,0.032133290510061974,58.99321746826172,1,1.0,7.3149999999999995,7,0.03926280220675915,0.007427200883649525,12.449999809265137,0,1,0,0,5
WMT,2024-02-20 06:00:00-05:00,1,0.00637996801934837,0.004658920324450255,0.04914405521836973,,0.007418264840567465,,1.2658038783044088,0.019890769239637285,0.05851406740337617,0.026202721363369763,55.5820426940918,1,1.0,8.197500000000002,6,,,14.239999771118164,1,0,0,0,2
WMT,2023-11-16 06:00:00-05:00,1,0.012073689441155722,0.02594688864492012,0.03859505275033559,0.06437688329552493,0.007904182801732459,0.007580501276240104,1.3070179783071665,0.02451129361174509,0.032543767711082694,0.03614093807453522,54.4954719543457,1,1.0,11.5875,5,0.02914992171185271,0.010841219854328007,14.180000305175781,0,0,0,1,11
WMT,2023-08-17 06:00:00-04:00,1,-0.005627866973317741,0.0039965415071328,0.03348568773547189,0.054637183415605195,0.006334103498646331,0.007479339044255128,1.0396028469064795,0.002010547941353913,0.020254596769528233,0.024288839962946396,51.74226379394531,1,1.0,12.1225,4,-0.024879562819330014,0.0061807893645435125,16.780000686645508,0,0,1,0,8
WMT,2023-05-18 07:00:00-04:00,1,-0.020917691955038897,-0.005496863470654589,0.0033298836386805863,0.030901529760161583,0.005829062074717322,0.007795006003542091,1.0647603789786686,-0.009959178269276947,0.02283334924584679,0.03195816379418126,48.51427459716797,1,0.75,6.1875,3,-0.00956043836059084,0.008694948050835729,16.8700008392334,0,1,0,0,5
WMT,2023-02-21 07:00:00-05:00,1,0.018925495881806143,0.03337791909259491,0.041980820438198396,,0.009940133900674768,,1.5954684052078945,0.02215099387571562,0.01770058403967889,0.020460633695065233,47.0600471496582,1,0.75,3.5199999999999996,2,,,20.020000457763672,1,0,0,0,2
WMT,2022-11-15 07:00:00-05:00,1,0.011420999617871574,0.0004912900527642705,0.09315345756522753,0.02523921015048347,0.010956729788041972,0.013211719164891781,1.196026279212443,0.022031314894004783,0.05169527432853105,0.03491103354443692,45.64752197265625,1,0.75,1.025,1,,,23.729999542236328,0,0,0,1,11
WMT,2022-08-16 07:00:00-04:00,1,0.04910594209221886,0.005648235249337885,0.02886678803438536,0.011007544055276597,0.023847905029453702,0.01986994168700246,0.9201439468006465,0.024346583265935084,0.05531870797209848,0.05377557402614985,42.33072280883789,0,0.75,1.8125000000000004,0,,,19.950000762939453,0,0,1,0,8
WMT,2022-05-17 06:00:00-04:00,0,-0.010096260097340326,-0.028772131956279146,-0.05406047476894427,0.11707358124225098,0.011500750009801943,0.013187497898261616,0.9451873442822281,-0.03339128179405815,-0.008759474763866182,0.04762552751160398,47.19321823120117,1,1.0,14.852500000000001,4,,,27.469999313354492,0,1,0,0,5
WMT,2022-02-17 07:00:00-05:00,1,-0.02623359368262468,-0.0464125886876946,-0.057185035789609096,-0.05762072935459228,0.010090573759148878,0.011727310911849798,0.919032002142572,-0.028792066867428634,-0.04465068027383212,0.045813981036252116,42.51295471191406,1,0.75,12.3,3,-0.02276047061510833,0.013995262967364688,24.290000915527344,1,0,0,0,2
WMT,2021-11-16 07:00:00-05:00,1,-0.016441549136089195,-0.011109652800563863,0.051298541901909855,-0.01565526071711487,0.00809513603540206,0.00765986906094898,1.0723840809479055,-0.003873012839191614,0.022245012546842746,0.020129937394704145,46.5619010925293,1,0.75,14.5075,2,,,16.489999771118164,0,0,0,1,11
WMT,2021-08-17 07:00:00-04:00,1,0.03339713073173689,0.0528253882207943,0.06018827746206523,0.057498986132379803,0.007436897106884033,0.007874316461487004,0.7999447392269649,0.04090526945200912,0.06256645149527507,0.04250334341913753,47.11966323852539,1,0.75,17.2425,1,,,16.1200008392334,0,0,1,0,8
WMT,2021-05-18 06:00:00-04:00,1,-0.004850005494431264,0.001128940841808479,-0.003855065365388044,0.021740314236750713,0.010749189867501263,0.010648945432154128,0.7719196751084363,0.0013506121473856325,0.022643031707041184,0.046552796263670704,43.80413818359375,0,0.75,9.3475,0,,,19.719999313354492,0,1,0,0,5
WMT,2021-02-18 06:00:00-05:00,0,0.004343873502430817,0.04588217414408424,0.007051860458321846,,0.011121416556536055,,1.359357591318359,0.011829891909922896,0.0024085834834164377,0.01985495697227302,45.36356735229492,1,0.75,10.3875,3,,,21.5,1,0,0,0,2
WMT,2020-11-17 07:00:00-05:00,1,0.03272270052539228,0.08497292536722312,0.04028765463908979,0.1529447398862216,0.01163459746702502,0.015520737564752517,1.22393779299055,0.04810243463146935,0.06545915465003205,0.0519931246986689,46.71261978149414,1,0.6666666666666666,9.583333333333334,2,,,22.450000762939453,0,0,0,1,11
WMT,2020-08-18 06:00:00-04:00,1,0.024429777318893287,0.028942247721921444,0.010665738157383808,0.06134031097500614,0.00858037208602484,0.013036635537110574,1.1295766173376132,0.015562064754395477,0.055896602481926294,0.03437122130490611,41.14582824707031,1,0.5,2.3200000000000003,1,,,21.350000381469727,0,0,1,0,8
WMT,2020-05-19 07:00:00-04:00,1,0.02440194505478277,0.029075422367213166,-0.042582681835286684,0.07956216235377145,0.01386787199576692,0.034015302015527916,1.2629831447206947,0.006365758296668744,0.04428346702360808,0.04072514170625596,38.919219970703125,0,0.0,-3.84,0,,,29.299999237060547,0,1,0,0,5
WMT,2020-02-18 06:00:00-05:00,0,0.012365786536187473,0.029696717544589468,0.01716992430371045,,0.008794350343336936,,1.4279178612668544,0.017525349823332537,0.003582041495121313,0.03608821849664401,36.11219024658203,0,0.5,0.0,999,,,13.680000305175781,1,0,0,0,2
